internal_name,producer_name,country_code,city,postal_code,street,email,phone_number,contact_form_url
BM SP. Z O.O.,BM SP. Z O.O.,PL,Sękocin Nowy,05-090,ul. Graniczna 9,mohitjotwani@yahoo.com,tel: 600445238,
GRUPA ORION Sp. z o.o.,GRUPA ORION Sp. z o.o.,PL,Katowice,40-355,ul. Obrońców Weterplatte 73a,sklep@orionagd.pl,322014082,
VETRO-PLUS a.s.,VETRO-PLUS a.s.,CZ,Hradec Kralove,50002,Vocelova 1176/6,malihova@vetroplus.cz,+420210083200,
GRUPA ORION Sp. z o.o.,GRUPA ORION Sp. z o.o.,PL,Katowice,40-335,ul. Obrońców Weterplatte 73a,sklep@orionagd.pl,322014082,
BERGNER EUROPE S.L.,BERGNER EUROPE S.L.,ES,ZARAGOZA,50011,"CTRA. AEROP. KM 4 EDIF. SAN LAMBERTO, P.3",info@bergnerhome.com,976108538,
Home Impex Ltd.,Home Impex Ltd.,HU,Dunakeszi,2120,Pallag str. 30,customer.service@homeimpex.hu,+36-13778667,
STERN POLSKA Sp. z o.o.,STERN POLSKA Sp. z o.o.,PL,Warszawa,02-256,Al.  Krakowska 110/114,moripol@gmail.com,222155344,
BRUNBESTE Sp. z o.o.,BRUNBESTE Sp. z o.o.,PL,Janki,05-090,AL. Krakowska 28A,kmespzoo@gmail.com,515060605,
DURGA IMPEX Sp. z o.o.,DURGA IMPEX Sp. z o.o.,PL,Warszawa,02-715,ul. Puławska 1/221,elitehoffagd@gmail.com,797422989,
GRUPA ORION Sp. z o.o.,GRUPA ORION Sp. z o.o.,PL,Katowice,40335,ul. Obrońców Westerplatte 73a,sklep@orionagd.pl,3220114082,
Prowent Białystok A. Poleszuk Sp. k.,Prowent Białystok A. Poleszuk Sp. k.,PL,Białystok,15-592,Białostoczek 17,biuro.bialystok@prowent.com,,
GRUPA ORION Sp. z o.o.,GRUPA ORION Sp. z o.o.,PL,Katowice,40-335,ul. Obrońców Weterplatte 73a,sklep@orionagd.pl,322014082,
HUSLA Sp. z o.o.,HUSLA Sp. z o.o.,PL,Janki,05-090,ul. Mszczonowska 76,w.lesniewski@husla.pl,691678323,
Ravex Group Sp. z o.o.,Ravex Group Sp. z o.o.,PL,Sokołów,05-806,ul Sokołowska 45 B,jolanta@ravex.com.pl,+48 881 513 188,
PRAJO SP. Z O.O. SP.K.,PRAJO SP. Z O.O. SP.K.,PL,Wolica,05-830,Aleja Katowicka 60,info@prajo.eu,48227201232,
PRAJO SP. Z O.O. SP.K.,PRAJO SP. Z O.O. SP.K.,PL,Wolica,05-830,Aleja Katowicka 60,info@prajo.eu,48227201232,
PRAJO SP. Z O.O. SP.K.,PRAJO SP. Z O.O. SP.K.,PL,Wolica,05-830,Aleja Katowicka 60,info@prajo.eu,48227201232,
BM Sp. z o.o.,BM Sp. z o.o.,PL,Sękocin Nowy,05-090,Graniczna 9,mohitjotwani@yahoo.com,600445238,
GRUPA ORION Sp. z o.o.,GRUPA ORION Sp. z o.o.,PL,Katowice,40-335,ul. Obrońców Weterplatte 73a,sklep@orionagd.pl,322014082,
Metlex Import Export Sandeep Karira,Metlex Import Export Sandeep Karira,PL,Warszawa,02-486,Al. Jerozolimskie 196A/1,monika.izydorczyk@metlex.pl,227156510,
Firma Handlowa MEKM Marek Mazur,Firma Handlowa MEKM Marek Mazur,PL,Pustków,39-205,Pustków 481,info@modernclock.pl,500152348,
MONDEX,MONDEX,PL,Olsztyn,10-416,Towarowa 17,kontakt@mondex.pl,89 5320814,
MPLCO,MPLCO,PL,Ryńsk,87-213,ul. Kościelna 6,office@mplconsulting.pl,605 988 906,
GRUPA ORION Sp. z o.o.,GRUPA ORION Sp. z o.o.,PL,Katowice,40-335,ul. Obrońców Weterplatte 73a,sklep@orionagd.pl,322014082,
PRACTIC Sp. z o.o. S.K.A.,PRACTIC Sp. z o.o. S.K.A.,PL,Targowisko,32-015,Targowisko 499a,bok@practic.com.pl,126547933,
PRAJO SP. Z O.O. SP.K.,PRAJO SP. Z O.O. SP.K.,PL,Wolica,05-830,Al. Katowicka 60,info@prajo.eu,48227201232,
TADAR spółka z ograniczoną odpowiedzialnością sp.k.,TADAR spółka z ograniczoną odpowiedzialnością sp.k.,PL,Jasin,62-020,ul. Poznańska 53,kontakt@tadar.pl,+48 61 895 23 00,
GRUPA ORION Sp. z o.o.,GRUPA ORION Sp. z o.o.,PL,Katowice,40-335,ul. Obrońców Westerplatte 73a,sklep@orionagd.pl,322014082,