internal_name,person_name,country_code,city,postal_code,street,email,phone_number,contact_form_url
EXPONDO POLSKA SP. Z O.O. SP. K.,EXPONDO POLSKA SP. Z O.O. SP. K.,PL,Zielona Góra,65-155,Dekoracyjna 3,info@expondo.pl,+48688881008,
Tethys Sp. z o.o. Sp k.,Tethys Sp. z o.o. Sp k.,PL,Sulechów,66-100,Przemysłowa 15,info@tethys.pl,+48683859577,
P.W Marwis Marcin Wiśniewski,P.W Marwis Marcin Wiśniewski,PL,Zielona Góra,66-015,Przylep - Zakładowa 17,marwis@marwis.eu,48731666100,
Hendi Polska Sp. z o.o.,Hendi Polska Sp. z o.o.,PL,Robakowo,62-023,Firmowa 12,witaj@hendi.com,+48616587000,
Global Service Group,Global Service Group,PL,Zielona Góra,65-147,Urszuli 17,biuro@gsg24.pl,+48683817000,
MEVA-TEC s.r.o.,MEVA-TEC s.r.o.,CZ,Roudnice nad Labem,413 01,Chelčického 1228,prodej@mevatec.cz,+420416823181,
Justrite Safety Group EMEA B.V.,Justrite Safety Group EMEA B.V.,NL,Barendrecht,2992 SB,Achterzeedijk 57,saleseu@justrite.com,+31(0)180615744,
Europlast GmbH,Europlast GmbH,AT,Dellach im Drautal,9772,Schmelz 83,verkauf@europlast.at,+43(0)47148228,
Sartori Ambiente Srl,Sartori Ambiente Srl,IT,Arco TN,38062,Via Sant'Andrea 51,info@sartori-ambiente.com,+390464531643,
Beczkopol Sp. z o. o.,Beczkopol Sp. z o. o.,PL,Łasin,86-320,Młyńska 78,sekretariat@beczkopol.com.pl,+48564665002,
OHAUS Europe GmbH,OHAUS Europe GmbH,CH,Nänikon,8606,Heuwinkelstrasse 3,ssc@ohaus.com,,
AXIS Sp. z o.o.,AXIS Sp. z o.o.,PL,Gdańsk,80-125,Kartuska 375B,handel@axis.pl,+48583206301,
KERN & SOHN GmbH,KERN & SOHN GmbH,DE,Balingen,72336,Ziegelei 1,info@kern-sohn.com,+49743399330,
Newell Europe Sàrl,Newell Europe Sàrl,CH,Vernier,1214,Chemin de Blandonnet 8,,+44(0)3444121192,
Arpack Polska Sp. z o. o.,Arpack Polska Sp. z o. o.,PL,Słubice,69-100,Osiedle Przemysłowe 10A,biuro@arpack.pl,+48957501310,
CHEMIA BOMAR E. MARCINIAK SPÓŁKA KOMANDYTOWA,CHEMIA BOMAR E. MARCINIAK SPÓŁKA KOMANDYTOWA,PL,Skorogoszcz,49-345,Chróścina 6C,biuro@plyny.pl,+48774121033,
AUER GmbH,AUER GmbH,DE,Amerang,D-83123,Am Kroit 25/27,info@auer-packaging.com,+49(0)807591333,
BARTPOL ZDZISŁAW POLAK,BARTPOL ZDZISŁAW POLAK,PL,Małomice,67-320,Jana Pawła II 41,,+48605748591,
Amtra Sp. z o.o.,Amtra Sp. z o.o.,PL,Sosnowiec,41-200,Schonów 3,amtra@amtra.pl,+48322944100,
Hurtel Sp. z o.o.,Hurtel Sp. z o.o.,PL,Zielona Góra,65-127,Międzyrzecka 12,gpsr@hurtel.com,+48683000156,
Nextedge Technology Sp. z o.o.,Nextedge Technology Sp. z o.o.,PL,Częstochowa,42-218,Małopolska 102H,szymon@nextedgetak.com,+48570808778,
Hurtel Sp. z o.o.,Hurtel Sp. z o.o.,PL,Zielona Góra,65-128,Międzyrzecka 13,gpsr@hurtel.com,+48683000156,
Apex CE Specialists GmbH,Apex CE Specialists GmbH,DE,Düsseldorf,40237,Grafenberger Allee 277,Info@apex-ce.de,+4921312066043,
Ugreen Group GmbH,Ugreen Group GmbH,DE,Düsseldorf,40549,Prinzenallee 1,support@ugreen.com,+49(0)1728130175,
SONOFF TECHNOLOGY Deutschland GmbH,SONOFF TECHNOLOGY Deutschland GmbH,DE,Düsseldorf,40213,Breite Str. 22,eurep@itead.cc,,
E-CrossStu GmbH,E-CrossStu GmbH,DE,Frankfurt am Main,60329,Mainzer Landstr. 69,E-CrossStu@web.de,+4969332967674,
Xiaomi Technology Netherlands BV,Xiaomi Technology Netherlands BV,NL,Haga,25-95BM,Prinses Beatrixlaan 582,service.de@support.mi.com,,
Coram Deo PL UG,Coram Deo PL UG,DE,Seligenstadt,63500,Frankfurter Str 92A,coramdeopl@gmail.com,,
Wilk Elektronik SA,Wilk Elektronik SA,PL,Łaziska Górne,43-173,Mikołowska 42,info@goodram.com,327369000,
Apple Distribution International Ltd.,Apple Distribution International Ltd.,IE,Cork,T23 YK84,"Hollyhill Ln, Hollyhill Industrial Estate",contactus.de@euro.apple.com,353214284000,
Rockbros Sport GmbH,Rockbros Sport GmbH,DE,Frankfurt (Oder),15234,Goethestr. 11E,rockbrossport@gmail.com,+4917624032100,
Rolux Leuchten GmbH,Rolux Leuchten GmbH,DE,Weyhe,28844,Margarete-Steiff-Straße 18,light@rolux-leuchten.com,+4904216967910,
Silver Monkey sp. z o.o.,Silver Monkey sp. z o.o.,PL,Warszawa,00-105,Twarda 18,kontakt@silvermonkey.com,,